{"cameraMode":{"drawMode":0,"name":"Shaded","section":"Shading Mode"},"sceneLighting":false,"audioPlay":false,"sceneViewState":{"showFog":true,"showMaterialUpdate":false,"showSkybox":false,"showFlares":true,"showImageEffects":true,"showParticleSystems":true},"in2DMode":false,"pivot":{"x":26.24103355407715,"y":7.415068626403809,"z":6.362852573394775},"rotation":{"x":-0.0024639382027089597,"y":-0.9894134402275086,"z":0.14437875151634217,"w":-0.01698838174343109},"size":1.6407504081726075,"orthographic":false}