{"cameraMode":{"drawMode":0,"name":"Shaded","section":"Shading Mode"},"sceneLighting":false,"audioPlay":false,"sceneViewState":{"showFog":true,"showMaterialUpdate":false,"showSkybox":false,"showFlares":true,"showImageEffects":true,"showParticleSystems":true},"in2DMode":false,"pivot":{"x":26.496170043945314,"y":7.263970851898193,"z":7.328537464141846},"rotation":{"x":0.04776507988572121,"y":-0.09484993666410446,"z":0.0045551154762506489,"w":0.9943374395370483},"size":3.661585807800293,"orthographic":true}