{"cameraMode":{"drawMode":0,"name":"Shaded","section":"Shading Mode"},"sceneLighting":false,"audioPlay":false,"sceneViewState":{"showFog":true,"showMaterialUpdate":false,"showSkybox":false,"showFlares":true,"showImageEffects":true,"showParticleSystems":true},"in2DMode":false,"pivot":{"x":-5.011167526245117,"y":6.831545829772949,"z":-6.496009826660156},"rotation":{"x":0.04011210799217224,"y":0.8021143674850464,"z":-0.0542251281440258,"w":0.5933505296707153},"size":6.1052937507629398,"orthographic":false}